{
  "Ответы на форму (1)":[
    {
      "Column1": 1,
      "Отметка времени": "8\/19\/2024 22:50:28",
      "Чем занимаетесь (учеба, работа, профессия, хобби или что-то еще)?": "учеба",
      "Дата рождения.": "06\/30\/2005",
      "Пол.": "Мужской.",
      "Расскажите о том, чем Вам нравится заниматься в свободное время.": "Люблю гулять, ходить в спортивный зал и программировать",
      "Напишите 3 доминирующих черты Вашего характера.": "Дисциплинированный, ответственный, пунктуальный",
      "Отношение к алкоголю.": "Резко негативное.",
      "Отношение к курению.": "Резко негативное.",
      "Отношение к парению.": "Резко негативное.",
      "Есть ли отношения?": "Нет.",
      "Расскажи о своем самом интересном жизненном опыте или увлечении, которым ты больше всего гордишься.": "Выиграл международную олимпиаду по программированию"
    },
    {
      "Column1": 2,
      "Отметка времени": "8\/19\/2024 22:54:28",
      "Чем занимаетесь (учеба, работа, профессия, хобби или что-то еще)?": "хуй",
      "Дата рождения.": "08\/19\/2024",
      "Пол.": "Мужской.",
      "Расскажите о том, чем Вам нравится заниматься в свободное время.": "хуй",
      "Напишите 3 доминирующих черты Вашего характера.": "хуй",
      "Отношение к алкоголю.": "Хорошее.",
      "Отношение к курению.": "Хорошее.",
      "Отношение к парению.": "Хорошее.",
      "Есть ли отношения?": "Всё сложно.",
      "Расскажи о своем самом интересном жизненном опыте или увлечении, которым ты больше всего гордишься.": "хуй"
    },
    {
      "Column1": 3,
      "Отметка времени": "8\/20\/2024 0:01:49",
      "Чем занимаетесь (учеба, работа, профессия, хобби или что-то еще)?": "пиздострадания",
      "Дата рождения.": "04\/12\/2005",
      "Пол.": "Мужской.",
      "Расскажите о том, чем Вам нравится заниматься в свободное время.": "книги",
      "Напишите 3 доминирующих черты Вашего характера.": "эмпатия, инициативность, пассивность",
      "Отношение к алкоголю.": "Негативное.",
      "Отношение к курению.": "Негативное.",
      "Отношение к парению.": "Негативное.",
      "Есть ли отношения?": "Всё сложно.",
      "Расскажи о своем самом интересном жизненном опыте или увлечении, которым ты больше всего гордишься.": "скалолазание"
    },
    {
      "Column1": 4,
      "Отметка времени": "8\/24\/2024 15:13:19",
      "Чем занимаетесь (учеба, работа, профессия, хобби или что-то еще)?": "Ботаю Математику",
      "Дата рождения.": "07\/09\/2007",
      "Пол.": "Мужской.",
      "Расскажите о том, чем Вам нравится заниматься в свободное время.": "Ботать математику",
      "Напишите 3 доминирующих черты Вашего характера.": "Ботать математику",
      "Отношение к алкоголю.": "Резко негативное.",
      "Отношение к курению.": "Резко негативное.",
      "Отношение к парению.": "Резко негативное.",
      "Есть ли отношения?": "Нет.",
      "Расскажи о своем самом интересном жизненном опыте или увлечении, которым ты больше всего гордишься.": "Ботать математику "
    },
    {
      "Column1": 5,
      "Отметка времени": "8\/24\/2024 15:16:42",
      "Чем занимаетесь (учеба, работа, профессия, хобби или что-то еще)?": "Программирование",
      "Дата рождения.": "08\/06\/2020",
      "Пол.": "Мужской.",
      "Расскажите о том, чем Вам нравится заниматься в свободное время.": "Гулять",
      "Напишите 3 доминирующих черты Вашего характера.": "Доброта, нерешительность, интеллект",
      "Отношение к алкоголю.": "Резко негативное.",
      "Отношение к курению.": "Резко негативное.",
      "Отношение к парению.": "Резко негативное.",
      "Есть ли отношения?": "Нет.",
      "Расскажи о своем самом интересном жизненном опыте или увлечении, которым ты больше всего гордишься.": "Родился"
    },
    {
      "Column1": 6,
      "Отметка времени": "8\/24\/2024 15:22:34",
      "Чем занимаетесь (учеба, работа, профессия, хобби или что-то еще)?": "Ставки на спорт",
      "Дата рождения.": "04\/18\/2004",
      "Пол.": "Мужской.",
      "Расскажите о том, чем Вам нравится заниматься в свободное время.": "Дота 2",
      "Напишите 3 доминирующих черты Вашего характера.": "Аутизм, Решительность, Слабоумие",
      "Отношение к алкоголю.": "Нейтральное.",
      "Отношение к курению.": "Негативное.",
      "Отношение к парению.": "Негативное.",
      "Есть ли отношения?": "Нет.",
      "Расскажи о своем самом интересном жизненном опыте или увлечении, которым ты больше всего гордишься.": "Поставил на коэффициент 13 и выиграл"
    },
    {
      "Column1": 7,
      "Отметка времени": "8\/24\/2024 16:34:19",
      "Чем занимаетесь (учеба, работа, профессия, хобби или что-то еще)?": "Существую",
      "Дата рождения.": "7\/18\/0982",
      "Пол.": "Мужской.",
      "Расскажите о том, чем Вам нравится заниматься в свободное время.": "Сражаться на мечах",
      "Напишите 3 доминирующих черты Вашего характера.": "Храбрость, мудрость, ловкость",
      "Отношение к алкоголю.": "Хорошее.",
      "Отношение к курению.": "Хорошее.",
      "Отношение к парению.": "Хорошее.",
      "Есть ли отношения?": "Да.",
      "Расскажи о своем самом интересном жизненном опыте или увлечении, которым ты больше всего гордишься.": "Крещение руси"
    },
    {
      "Column1": 8,
      "Отметка времени": "8\/26\/2024 10:44:34",
      "Чем занимаетесь (учеба, работа, профессия, хобби или что-то еще)?": "Работа SRE, настольные игры, спортзал",
      "Дата рождения.": "08\/12\/2002",
      "Пол.": "Женский.",
      "Расскажите о том, чем Вам нравится заниматься в свободное время.": "Играть в настольные игры, гулять",
      "Напишите 3 доминирующих черты Вашего характера.": "Целеустремлённость, коммуникабельность, выносливость",
      "Отношение к алкоголю.": "Нейтральное.",
      "Отношение к курению.": "Резко негативное.",
      "Отношение к парению.": "Резко негативное.",
      "Есть ли отношения?": "Да.",
      "Расскажи о своем самом интересном жизненном опыте или увлечении, которым ты больше всего гордишься.": "Организация поездок "
    },
    {
      "Column1": 9,
      "Отметка времени": "8\/26\/2024 19:46:11",
      "Чем занимаетесь (учеба, работа, профессия, хобби или что-то еще)?": "Студент",
      "Дата рождения.": "09\/13\/2003",
      "Пол.": "Мужской.",
      "Расскажите о том, чем Вам нравится заниматься в свободное время.": "C++",
      "Напишите 3 доминирующих черты Вашего характера.": "Лень, любопытство, непосредственность",
      "Отношение к алкоголю.": "Резко негативное.",
      "Отношение к курению.": "Негативное.",
      "Отношение к парению.": "Негативное.",
      "Есть ли отношения?": "Нет.",
      "Расскажи о своем самом интересном жизненном опыте или увлечении, которым ты больше всего гордишься.": "Я как-то в конце первого курса забросил учебу, нахватал долгов и все откладывал аж до конца первых пересдач. А у меня с того семестра все не сдано, и в этом сроки подходят. Ну и я все сдал, закрыл семестр на отлично, еще олимпиаду успел взять)"
    },
    {
      "Column1": 10,
      "Отметка времени": "8\/27\/2024 10:40:26",
      "Чем занимаетесь (учеба, работа, профессия, хобби или что-то еще)?": "учеба",
      "Дата рождения.": "10\/17\/2005",
      "Пол.": "Мужской.",
      "Расскажите о том, чем Вам нравится заниматься в свободное время.": "спорт",
      "Напишите 3 доминирующих черты Вашего характера.": "агрессия, честность, злость",
      "Отношение к алкоголю.": "Резко негативное.",
      "Отношение к курению.": "Резко негативное.",
      "Отношение к парению.": "Резко негативное.",
      "Есть ли отношения?": "Да.",
      "Расскажи о своем самом интересном жизненном опыте или увлечении, которым ты больше всего гордишься.": "ничего на ум не приходит"
    },
    {
      "Column1": 11,
      "Отметка времени": "8\/27\/2024 10:44:29",
      "Чем занимаетесь (учеба, работа, профессия, хобби или что-то еще)?": "учеба\n",
      "Дата рождения.": "11\/28\/2002",
      "Пол.": "Мужской.",
      "Расскажите о том, чем Вам нравится заниматься в свободное время.": "программирование ",
      "Напишите 3 доминирующих черты Вашего характера.": "лень, ум, ответственность",
      "Отношение к алкоголю.": "Нейтральное.",
      "Отношение к курению.": "Негативное.",
      "Отношение к парению.": "Нейтральное.",
      "Есть ли отношения?": "Да.",
      "Расскажи о своем самом интересном жизненном опыте или увлечении, которым ты больше всего гордишься.": "не знаю"
    },
    {
      "Column1": 12,
      "Отметка времени": "8\/27\/2024 11:17:30",
      "Чем занимаетесь (учеба, работа, профессия, хобби или что-то еще)?": "готовлюсь к стажкам",
      "Дата рождения.": "11\/23\/1994",
      "Пол.": "Мужской.",
      "Расскажите о том, чем Вам нравится заниматься в свободное время.": "играть в игры",
      "Напишите 3 доминирующих черты Вашего характера.": "Юмор, спокойствие, умиротворение",
      "Отношение к алкоголю.": "Негативное.",
      "Отношение к курению.": "Резко негативное.",
      "Отношение к парению.": "Резко негативное.",
      "Есть ли отношения?": "Нет.",
      "Расскажи о своем самом интересном жизненном опыте или увлечении, которым ты больше всего гордишься.": "таких нет наверно("
    },
    {
      "Column1": 13,
      "Отметка времени": "8\/27\/2024 12:23:31",
      "Чем занимаетесь (учеба, работа, профессия, хобби или что-то еще)?": "Меняю профессию, с химика на программиста",
      "Дата рождения.": "02\/17\/1997",
      "Пол.": "Мужской.",
      "Расскажите о том, чем Вам нравится заниматься в свободное время.": "Мечтать о покое ",
      "Напишите 3 доминирующих черты Вашего характера.": "Жесткость, меланхолия, эмпатия",
      "Отношение к алкоголю.": "Нейтральное.",
      "Отношение к курению.": "Негативное.",
      "Отношение к парению.": "Резко негативное.",
      "Есть ли отношения?": "Да.",
      "Расскажи о своем самом интересном жизненном опыте или увлечении, которым ты больше всего гордишься.": "Я родился в самой интересной стране, полностью увлечен только ей"
    },
    {
      "Column1": 14,
      "Отметка времени": "8\/27\/2024 12:51:56",
      "Чем занимаетесь (учеба, работа, профессия, хобби или что-то еще)?": "учеба в вузе, репетирую старшеклассников",
      "Дата рождения.": "08\/16\/2006",
      "Пол.": "Мужской.",
      "Расскажите о том, чем Вам нравится заниматься в свободное время.": "чтение, музыка, фильмы",
      "Напишите 3 доминирующих черты Вашего характера.": "доброта, любознательность, креативность",
      "Отношение к алкоголю.": "Негативное.",
      "Отношение к курению.": "Резко негативное.",
      "Отношение к парению.": "Резко негативное.",
      "Есть ли отношения?": "Нет.",
      "Расскажи о своем самом интересном жизненном опыте или увлечении, которым ты больше всего гордишься.": "альпинизм"
    },
    {
      "Column1": 15,
      "Отметка времени": "8\/27\/2024 13:16:10",
      "Чем занимаетесь (учеба, работа, профессия, хобби или что-то еще)?": "Учеба",
      "Дата рождения.": "06\/23\/2005",
      "Пол.": "Мужской.",
      "Расскажите о том, чем Вам нравится заниматься в свободное время.": "Образовательные видео",
      "Напишите 3 доминирующих черты Вашего характера.": "Скромность, непреклонность, настойчивость",
      "Отношение к алкоголю.": "Резко негативное.",
      "Отношение к курению.": "Нейтральное.",
      "Отношение к парению.": "Хорошее.",
      "Есть ли отношения?": "Нет.",
      "Расскажи о своем самом интересном жизненном опыте или увлечении, которым ты больше всего гордишься.": "Кодинг"
    }
  ]
}